gene_family,score,diseaseFromSource,studyId,publicationYear,oddsRatio,beta,variantId,variantRsId,target.id,target.approvedSymbol,disease.id,disease.name,variantFunctionalConsequence.label,disease.category
OTHER,0.904889702796936,Rheumatoid arthritis,GCST001454,2012,0.884955752212389,,4_78592061_A_G,rs2867461,ENSG00000138772,ANXA3,EFO_0000685,rheumatoid arthritis,intron_variant,EFO_0000540
OTHER,0.904532492160797,Crohn's disease [EA],GCST003044,2015,1.13518314596545,,10_34978882_C_A,rs9787643,ENSG00000095794,CREM,EFO_0000384,Crohn's disease,intergenic_variant,EFO_0000540
OTHER,0.903563439846039,Inflammatory bowel disease,GCST004131,2017,1.71412029244004,,16_50301163_C_A,rs78534766,ENSG00000121281,ADCY7,EFO_0003767,inflammatory bowel disease,missense_variant,EFO_0000540
OTHER,0.902274966239929,"\""Hypothyroidism, strict autoimmune, 3 medication purchases required\""",FINNGEN_R5_E4_HYTHY_AI_STRICT_PURCH,2021,0.935382259082195,,4_186082920_C_T,rs3775291,ENSG00000164342,TLR3,EFO_0003779,Hashimoto's thyroiditis,missense_variant,EFO_0000540
OTHER,0.900398552417755,Autoimmune thyroid disease,GCST010571,2020,0.930000101370011,,4_186082920_C_T,rs3775291,ENSG00000164342,TLR3,EFO_0006812,autoimmune thyroid disease,missense_variant,EFO_0000540
SLC,0.899714410305023,Crohn's disease [EA],GCST003044,2015,0.93382044712448,,6_3420172_T_C,rs13204048,ENSG00000137266,SLC22A23,EFO_0000384,Crohn's disease,intron_variant,EFO_0000540
SLC,0.89825564622879,Crohn's disease,GCST004132,2017,1.22213581971154,,4_102267552_C_T,rs13107325,ENSG00000138821,SLC39A8,EFO_0000384,Crohn's disease,missense_variant,EFO_0000540
SLC,0.882761299610138,"Age hay fever, rhinitis or eczema diagnosed",NEALE2_3761_raw,2018,,-0.748296,5_102241851_A_AG,rs113246959,ENSG00000173930,SLCO4C1,EFO_0000274,atopic eczema,intron_variant,EFO_0000540
SLC,0.882761299610138,"Age hay fever, rhinitis or eczema diagnosed",NEALE2_3761_raw,2018,,-0.748296,5_102241851_A_AG,rs113246959,ENSG00000173930,SLCO4C1,EFO_0005854,allergic rhinitis,intron_variant,EFO_0000540
SLC,0.839591145515442,"\""Diseases of veins, lymphatic vessels and lymph nodes, not elsewhere classified\""",FINNGEN_R5_I9_DISVEINLYMPH,2021,1.13212907824654,,5_128032306_G_C,rs6860245,ENSG00000064651,SLC12A2,EFO_0007352,lymphatic system disease,intergenic_variant,EFO_0000540
GPCR,0.892413675785065,Chronic lymphocytic leukemia,GCST002299,2013,0.813008130081301,,6_154157305_C_A,rs2236256,ENSG00000112038,OPRM1,EFO_0000095,chronic lymphocytic leukemia,intergenic_variant,EFO_0000540
GPCR,0.886632561683655,Chronic lymphocytic leukemia,GCST004146,2017,0.869565217391304,,6_154150090_G_A,rs4869818,ENSG00000112038,OPRM1,EFO_0000095,chronic lymphocytic leukemia,intergenic_variant,EFO_0000540
GPCR,0.884158372879028,Graves' disease,GCST005526,2012,,,14_80992418_T_A,rs2300519,ENSG00000165409,TSHR,EFO_0004237,Graves disease,intron_variant,EFO_0000540
GPCR,0.875480651855469,"\""Hypothyroidism, strict autoimmune\""",FINNGEN_R5_E4_HYTHY_AI_STRICT,2021,0.882496902584595,,14_81006112_T_A,rs12897126,ENSG00000165409,TSHR,EFO_0003779,Hashimoto's thyroiditis,intron_variant,EFO_0000540
GPCR,0.87411242723465,Thyrotoxicosis with or without goiter,SAIGE_242,2018,1.29952654242938,,14_80990913_A_C,rs28414437,ENSG00000165409,TSHR,EFO_0009190,Thyrotoxicosis,intron_variant,EFO_0000540
